{
  "primitives": [{
    "position": [-0.02608700073324144, 0.0, -0.025000000030559022],
    "dimensions": [0.02409400069154799, 0.05018100142478943, 0.02481900003476767],
    "type": "box",
    "orientation": [0, 0, 0]
  }, {
    "position": [-0.02608700073324144, 0.0, 0.02482150003197603],
    "dimensions": [0.02409400069154799, 0.05018100142478943, 0.02499750003335066],
    "type": "box",
    "orientation": [0, 0, 0]
  }, {
    "position": [0.02409400069154799, 0.0, -0.025362000713357702],
    "dimensions": [0.02608700073324144, 0.05018100142478943, 0.024814141862427926],
    "type": "box",
    "orientation": [0, 0, 0]
  }, {
    "position": [0.02409400069154799, 0.0, 0.024819000711431727],
    "dimensions": [0.02608700073324144, 0.05018100142478943, 0.025362000713357702],
    "type": "box",
    "orientation": [0, 0, 0]
  }],
  "target": "/home/saeejithn/brain/roboSim/meshes/bolt/blender_holder_smaller_inner.obj"
}