{
  "primitives": [{
    "orientation": [0, 0, 0],
    "type": "box",
    "position": [-0.024900999866076745, -0.024999999659485184, 0.0],
    "dimensions": [0.025179999865940772, 0.02517999966221396, 0.05017999932169915]
  }, {
    "orientation": [0, 0, 0],
    "type": "box",
    "position": [0.025099000878981315, -0.024999999659485184, 0.0],
    "dimensions": [0.024815141834309315, 0.02517999966221396, 0.05017999932169915]
  }, {
    "orientation": [0, 0, 0],
    "type": "box",
    "position": [-0.024720999877899885, 0.02517999966221396, 0.0],
    "dimensions": [0.025359999854117632, 0.024999999659485184, 0.05017999932169915]
  }, {
    "orientation": [0, 0, 0],
    "type": "box",
    "position": [0.025279000867158175, 0.02517999966221396, 0.0],
    "dimensions": [0.024640000890940428, 0.024999999659485184, 0.05017999932169915]
  }],
  "target": "/home/saeejithn/brain/roboSim/meshes/bolt/blender_holder_30mm_inner.obj"
}